Domain,Type,Sponsoring Organisation,Date
.abbott,generic,"Abbott Laboratories, Inc.",2023-10-24
.abogado,generic,Top Level Domain Holdings Limited,2023-10-24
.academy,generic,"Half Oaks, LLC",2023-10-24
.accountant,generic,dot Accountant Limited,2023-10-24
.accountants,generic,"Knob Town, LLC",2023-10-24
.active,generic,"The Active Network, Inc",2023-10-24
.actor,generic,United TLD Holdco Ltd.,2023-10-24
.ads,generic,Charleston Road Registry Inc.,2023-10-24
.adult,generic,ICM Registry AD LLC,2023-10-24
.afl,generic,Australian Football League,2023-10-24
.agency,generic,"Steel Falls, LLC",2023-10-24
.airforce,generic,United TLD Holdco Ltd.,2023-10-24
.allfinanz,generic,Allfinanz Deutsche Vermögensberatung Aktiengesellschaft,2023-10-24
.alsace,generic,REGION D ALSACE,2023-10-24
.amsterdam,generic,Gemeente Amsterdam,2023-10-24
.android,generic,Charleston Road Registry Inc.,2023-10-24
.apartments,generic,"June Maple, LLC",2023-10-24
.aquarelle,generic,Aquarelle.com,2023-10-24
.archi,generic,STARTING DOT LIMITED,2023-10-24
.army,generic,United TLD Holdco Ltd.,2023-10-24
.associates,generic,"Baxter Hill, LLC",2023-10-24
.attorney,generic,"United TLD Holdco, Ltd",2023-10-24
.auction,generic,"United TLD HoldCo, Ltd.",2023-10-24
.audio,generic,"Uniregistry, Corp.",2023-10-24
.autos,generic,"DERAutos, LLC",2023-10-24
.axa,generic,AXA SA,2023-10-24
.band,generic,"United TLD Holdco, Ltd",2023-10-24
.bank,generic,"fTLD Registry Services, LLC",2023-10-24
.bar,generic,Punto 2012 Sociedad Anonima Promotora de Inversion de Capital Variable,2023-10-24
.barclaycard,generic,Barclays Bank PLC,2023-10-24
.barclays,generic,Barclays Bank PLC,2023-10-24
.bargains,generic,"Half Hallow, LLC",2023-10-24
.bauhaus,generic,Werkhaus GmbH,2023-10-24
.bayern,generic,Bayern Connect GmbH,2023-10-24
.bbc,generic,British Broadcasting Corporation,2023-10-24
.beer,generic,Top Level Domain Holdings Limited,2023-10-24
.berlin,generic,dotBERLIN GmbH & Co. KG,2023-10-24
.best,generic,BestTLD Pty Ltd,2023-10-24
.bid,generic,dot Bid Limited,2023-10-24
.bike,generic,"Grand Hollow, LLC",2023-10-24
.bingo,generic,"Sand Cedar, LLC",2023-10-24
.bio,generic,STARTING DOT LIMITED,2023-10-24
.black,generic,Afilias Limited,2023-10-24
.blackfriday,generic,"Uniregistry, Corp.",2023-10-24
.bloomberg,generic,Bloomberg IP Holdings LLC,2023-10-24
.blue,generic,Afilias Limited,2023-10-24
.bmw,generic,Bayerische Motoren Werke Aktiengesellschaft,2023-10-24
.bnpparibas,generic,BNP Paribas,2023-10-24
.boats,generic,"DERBoats, LLC",2023-10-24
.bond,generic,Bond University Limited,2023-10-24
.boo,generic,Charleston Road Registry Inc.,2023-10-24
.boutique,generic,"Over Galley, LLC",2023-10-24
.brussels,generic,DNS.be vzw,2023-10-24
.budapest,generic,Top Level Domain Holdings Limited,2023-10-24
.build,generic,Plan Bee LLC,2023-10-24
.builders,generic,"Atomic Madison, LLC",2023-10-24
.business,generic,"Spring Cross, LLC",2023-10-24
.buzz,generic,DOTSTRATEGY CO.,2023-10-24
.bzh,generic,Association www.bzh,2023-10-24
.cab,generic,"Half Sunset, LLC",2023-10-24
.cafe,generic,"Pioneer Canyon, LLC",2023-10-24
.cal,generic,Charleston Road Registry Inc.,2023-10-24
.camera,generic,"Atomic Maple, LLC",2023-10-24
.camp,generic,"Delta Dynamite, LLC",2023-10-24
.cancerresearch,generic,Australian Cancer Research Foundation,2023-10-24
.canon,generic,Canon Inc.,2023-10-24
.capetown,generic,ZA Central Registry NPC trading as ZA Central Registry,2023-10-24
.capital,generic,"Delta Mill, LLC",2023-10-24
.caravan,generic,"Caravan International, Inc.",2023-10-24
.cards,generic,"Foggy Hollow, LLC",2023-10-24
.care,generic,"Goose Cross, LLC",2023-10-24
.career,generic,dotCareer LLC,2023-10-24
.careers,generic,"Wild Corner, LLC",2023-10-24
.cartier,generic,Richemont DNS Inc.,2023-10-24
.casa,generic,Top Level Domain Holdings Limited,2023-10-24
.cash,generic,"Delta Lake, LLC",2023-10-24
.casino,generic,"Binky Sky, LLC",2023-10-24
.catering,generic,New Falls. LLC,2023-10-24
.cbn,generic,"The Christian Broadcasting Network, Inc.",2023-10-24
.center,generic,"Tin Mill, LLC",2023-10-24
.ceo,generic,CEOTLD Pty Ltd,2023-10-24
.cern,generic,"European Organization for Nuclear Research (""CERN"")",2023-10-24
.cfd,generic,DOTCFD REGISTRY LTD,2023-10-24
.channel,generic,Charleston Road Registry Inc.,2023-10-24
.chat,generic,"Sand Fields, LLC",2023-10-24
.cheap,generic,"Sand Cover, LLC",2023-10-24
.chloe,generic,Richemont DNS Inc.,2023-10-24
.christmas,generic,"Uniregistry, Corp.",2023-10-24
.chrome,generic,Charleston Road Registry Inc.,2023-10-24
.church,generic,"Holly Fileds, LLC",2023-10-24
.citic,generic,CITIC Group Corporation,2023-10-24
.city,generic,"Snow Sky, LLC",2023-10-24
.claims,generic,"Black Corner, LLC",2023-10-24
.cleaning,generic,"Fox Shadow, LLC",2023-10-24
.click,generic,"Uniregistry, Corp.",2023-10-24
.clinic,generic,"Goose Park, LLC",2023-10-24
.clothing,generic,"Steel Lake, LLC",2023-10-24
.club,generic,".CLUB DOMAINS, LLC",2023-10-24
.coach,generic,"Koko Island, LLC",2023-10-24
.codes,generic,"Puff Willow, LLC",2023-10-24
.coffee,generic,"Trixy Cover, LLC",2023-10-24
.college,generic,XYZ.COM LLC,2023-10-24
.cologne,generic,NetCologne Gesellschaft für Telekommunikation mbH,2023-10-24
.com,generic,VeriSign Global Registry Services,2023-10-24
.community,generic,"Fox Orchard, LLC",2023-10-24
.company,generic,"Silver Avenue, LLC",2023-10-24
.computer,generic,"Pine Mill, LLC",2023-10-24
.condos,generic,"Pine House, LLC",2023-10-24
.construction,generic,"Fox Dynamite, LLC",2023-10-24
.consulting,generic,"United TLD Holdco, LTD.",2023-10-24
.contractors,generic,"Magic Woods, LLC",2023-10-24
.cooking,generic,Top Level Domain Holdings Limited,2023-10-24
.cool,generic,"Koko Lake, LLC",2023-10-24
.country,generic,Top Level Domain Holdings Limited,2023-10-24
.courses,generic,OPEN UNIVERSITIES AUSTRALIA PTY LTD,2023-10-24
.credit,generic,"Snow Shadow, LLC",2023-10-24
.creditcard,generic,"Binky Frostbite, LLC",2023-10-24
.cricket,generic,dot Cricket Limited,2023-10-24
.crs,generic,Federated Co-operatives Limited,2023-10-24
.cruises,generic,"Spring Way, LLC",2023-10-24
.cuisinella,generic,SALM S.A.S.,2023-10-24
.cymru,generic,Nominet UK,2023-10-24
.cyou,generic,"Beijing Gamease Age Digital Technology Co., Ltd.",2023-10-24
.dabur,generic,Dabur India Limited,2023-10-24
.dad,generic,Charleston Road Registry Inc.,2023-10-24
.dance,generic,United TLD Holdco Ltd.,2023-10-24
.date,generic,dot Date Limited,2023-10-24
.dating,generic,"Pine Fest, LLC",2023-10-24
.datsun,generic,"NISSAN MOTOR CO., LTD.",2023-10-24
.day,generic,Charleston Road Registry Inc.,2023-10-24
.dclk,generic,Charleston Road Registry Inc.,2023-10-24
.deals,generic,"Sand Sunset, LLC",2023-10-24
.degree,generic,"United TLD Holdco, Ltd",2023-10-24
.delivery,generic,"Steel Station, LLC",2023-10-24
.democrat,generic,United TLD Holdco Ltd.,2023-10-24
.dental,generic,"Tin Birch, LLC",2023-10-24
.dentist,generic,"United TLD Holdco, Ltd",2023-10-24
.desi,generic,Desi Networks LLC,2023-10-24
.design,generic,"Top Level Design, LLC",2023-10-24
.dev,generic,Charleston Road Registry Inc.,2023-10-24
.diamonds,generic,"John Edge, LLC",2023-10-24
.diet,generic,"Uniregistry, Corp.",2023-10-24
.digital,generic,"Dash Park, LLC",2023-10-24
.direct,generic,"Half Trail, LLC",2023-10-24
.directory,generic,"Extra Madison, LLC",2023-10-24
.discount,generic,"Holly Hill, LLC",2023-10-24
.dnp,generic,"Dai Nippon Printing Co., Ltd.",2023-10-24
.docs,generic,Charleston Road Registry Inc.,2023-10-24
.doha,generic,Communications Regulatory Authority (CRA),2023-10-24
.domains,generic,"Sugar Cross, LLC",2023-10-24
.doosan,generic,Doosan Corporation,2023-10-24
.download,generic,dot Support Limited,2023-10-24
.durban,generic,ZA Central Registry NPC trading as ZA Central Registry,2023-10-24
.dvag,generic,Deutsche Vermögensberatung Aktiengesellschaft DVAG,2023-10-24
.eat,generic,Charleston Road Registry Inc.,2023-10-24
.education,generic,"Brice Way, LLC",2023-10-24
.email,generic,"Spring Madison, LLC",2023-10-24
.emerck,generic,Merck KGaA,2023-10-24
.energy,generic,"Binky Birch, LLC",2023-10-24
.engineer,generic,United TLD Holdco Ltd.,2023-10-24
.engineering,generic,Romeo Canyon,2023-10-24
.enterprises,generic,"Snow Oaks, LLC",2023-10-24
.epson,generic,Seiko Epson Corporation,2023-10-24
.equipment,generic,"Corn Station, LLC",2023-10-24
.erni,generic,ERNI Group Holding AG,2023-10-24
.esq,generic,Charleston Road Registry Inc.,2023-10-24
.estate,generic,"Trixy Park, LLC",2023-10-24
.eurovision,generic,European Broadcasting Union (EBU),2023-10-24
.eus,generic,Puntueus Fundazioa,2023-10-24
.events,generic,"Pioneer Maple, LLC",2023-10-24
.everbank,generic,EverBank,2023-10-24
.exchange,generic,"Spring Falls, LLC",2023-10-24
.expert,generic,"Magic Pass, LLC",2023-10-24
.exposed,generic,"Victor Beach, LLC",2023-10-24
.express,generic,"Sea Sunset, LLC",2023-10-24
.fail,generic,"Atomic Pipe, LLC",2023-10-24
.faith,generic,dot Faith Limited,2023-10-24
.fan,generic,Asiamix Digital Ltd,2023-10-24
.fans,generic,Asiamix Digital Limited,2023-10-24
.farm,generic,"Just Maple, LLC",2023-10-24
.fashion,generic,Top Level Domain Holdings Limited,2023-10-24
.feedback,generic,"Top Level Spectrum, Inc.",2023-10-24
.film,generic,Motion Picture Domain Registry Pty Ltd,2023-10-24
.finance,generic,"Cotton Cypress, LLC",2023-10-24
.financial,generic,"Just Cover, LLC",2023-10-24
.firmdale,generic,Firmdale Holdings Limited,2023-10-24
.fish,generic,"Fox Woods, LLC",2023-10-24
.fishing,generic,Top Level Domain Holdings Limited,2023-10-24
.fit,generic,Minds + Machines Group Limited,2023-10-24
.fitness,generic,"Brice Orchard, LLC",2023-10-24
.flights,generic,"Fox Station, LLC",2023-10-24
.florist,generic,"Half Cypress, LLC",2023-10-24
.flowers,generic,"Uniregistry, Corp.",2023-10-24
.flsmidth,generic,FLSmidth A/S,2023-10-24
.fly,generic,Charleston Road Registry Inc.,2023-10-24
.foo,generic,Charleston Road Registry Inc.,2023-10-24
.football,generic,"Foggy Farms, LLC",2023-10-24
.forex,generic,DOTFOREX REGISTRY LTD,2023-10-24
.forsale,generic,"United TLD Holdco, LLC",2023-10-24
.foundation,generic,"John Dale, LLC",2023-10-24
.frl,generic,FRLregistry B.V.,2023-10-24
.frogans,generic,OP3FT,2023-10-24
.fund,generic,"John Castle, LLC",2023-10-24
.furniture,generic,"Lone Fields, LLC",2023-10-24
.futbol,generic,"United TLD Holdco, Ltd.",2023-10-24
.gal,generic,Asociación puntoGAL,2023-10-24
.gallery,generic,"Sugar House, LLC",2023-10-24
.garden,generic,Top Level Domain Holdings Limited,2023-10-24
.gbiz,generic,Charleston Road Registry Inc.,2023-10-24
.gdn,generic,"Joint Stock Company ""Navigation-information systems""",2023-10-24
.gent,generic,COMBELL GROUP NV/SA,2023-10-24
.ggee,generic,"GMO Internet, Inc.",2023-10-24
.gift,generic,"Uniregistry, Corp.",2023-10-24
.gifts,generic,"Goose Sky, LLC",2023-10-24
.gives,generic,United TLD Holdco Ltd.,2023-10-24
.glass,generic,"Black Cover, LLC",2023-10-24
.gle,generic,Charleston Road Registry Inc.,2023-10-24
.global,generic,Dot Global Domain Registry Limited,2023-10-24
.globo,generic,Globo Comunicação e Participações S.A,2023-10-24
.gmail,generic,Charleston Road Registry Inc.,2023-10-24
.gmo,generic,"GMO Internet, Inc.",2023-10-24
.gmx,generic,1&1 Mail & Media GmbH,2023-10-24
.gold,generic,"June Edge, LLC",2023-10-24
.goldpoint,generic,"YODOBASHI CAMERA CO.,LTD.",2023-10-24
.golf,generic,"Lone Falls, LLC",2023-10-24
.goo,generic,NTT Resonant Inc.,2023-10-24
.goog,generic,Charleston Road Registry Inc.,2023-10-24
.google,generic,Charleston Road Registry Inc.,2023-10-24
.gop,generic,"Republican State Leadership Committee, Inc.",2023-10-24
.graphics,generic,"Over Madison, LLC",2023-10-24
.gratis,generic,"Pioneer Tigers, LLC",2023-10-24
.green,generic,Afilias Limited,2023-10-24
.gripe,generic,"Corn Sunset, LLC",2023-10-24
.guge,generic,Charleston Road Registry Inc.,2023-10-24
.guide,generic,"Snow Moon, LLC",2023-10-24
.guitars,generic,"Uniregistry, Corp.",2023-10-24
.guru,generic,"Pioneer Cypress, LLC",2023-10-24
.hamburg,generic,Hamburg Top-Level-Domain GmbH,2023-10-24
.hangout,generic,Charleston Road Registry Inc.,2023-10-24
.haus,generic,"United TLD Holdco, LTD.",2023-10-24
.healthcare,generic,"Silver Glen, LLC",2023-10-24
.help,generic,"Uniregistry, Corp.",2023-10-24
.here,generic,Charleston Road Registry Inc.,2023-10-24
.hermes,generic,Hermes International,2023-10-24
.hiphop,generic,"Uniregistry, Corp.",2023-10-24
.hiv,generic,dotHIV gemeinnuetziger e.V.,2023-10-24
.holdings,generic,"John Madison, LLC",2023-10-24
.holiday,generic,"Goose Woods, LLC",2023-10-24
.homes,generic,"DERHomes, LLC",2023-10-24
.horse,generic,Top Level Domain Holdings Limited,2023-10-24
.host,generic,DotHost Inc.,2023-10-24
.hosting,generic,"Uniregistry, Corp.",2023-10-24
.house,generic,"Sugar Park, LLC",2023-10-24
.how,generic,Charleston Road Registry Inc.,2023-10-24
.ibm,generic,International Business Machines Corporation,2023-10-24
.ifm,generic,ifm electronic gmbh,2023-10-24
.immo,generic,"Auburn Bloom, LLC",2023-10-24
.immobilien,generic,United TLD Holdco Ltd.,2023-10-24
.industries,generic,"Outer House, LLC",2023-10-24
.infiniti,generic,"NISSAN MOTOR CO., LTD.",2023-10-24
.info,generic,Afilias Limited,2023-10-24
.ing,generic,Charleston Road Registry Inc.,2023-10-24
.ink,generic,"Top Level Design, LLC",2023-10-24
.institute,generic,"Outer Maple, LLC",2023-10-24
.insure,generic,"Pioneer Willow, LLC",2023-10-24
.international,generic,"Wild Way, LLC",2023-10-24
.investments,generic,"Holly Glen, LLC",2023-10-24
.irish,generic,Dot-Irish LLC,2023-10-24
.iwc,generic,Richemont DNS Inc.,2023-10-24
.java,generic,Oracle Corporation,2023-10-24
.jcb,generic,"JCB Co., Ltd.",2023-10-24
.jetzt,generic,New TLD Company AB,2023-10-24
.joburg,generic,ZA Central Registry NPC trading as ZA Central Registry,2023-10-24
.juegos,generic,"Uniregistry, Corp.",2023-10-24
.kaufen,generic,United TLD Holdco Ltd.,2023-10-24
.kddi,generic,KDDI CORPORATION,2023-10-24
.kim,generic,Afilias Limited,2023-10-24
.kitchen,generic,"Just Goodbye, LLC",2023-10-24
.kiwi,generic,DOT KIWI LIMITED,2023-10-24
.koeln,generic,NetCologne Gesellschaft für Telekommunikation mbH,2023-10-24
.komatsu,generic,Komatsu Ltd.,2023-10-24
.krd,generic,KRG Department of Information Technology,2023-10-24
.kred,generic,KredTLD Pty Ltd,2023-10-24
.kyoto,generic,Academic Institution: Kyoto Jyoho Gakuen,2023-10-24
.lacaixa,generic,CAIXA D'ESTALVIS I PENSIONS DE BARCELONA,2023-10-24
.land,generic,"Pine Moon, LLC",2023-10-24
.lat,generic,ECOM-LAC Federación de Latinoamérica y el Caribe para Internet y el Comercio Electrónico,2023-10-24
.latrobe,generic,La Trobe University,2023-10-24
.lawyer,generic,"United TLD Holdco, Ltd",2023-10-24
.lds,generic,"IRI Domain Management, LLC",2023-10-24
.lease,generic,"Victor Trail, LLC",2023-10-24
.leclerc,generic,A.C.D. LEC Association des Centres Distributeurs Edouard Leclerc,2023-10-24
.legal,generic,"Blue Falls, LLC",2023-10-24
.lgbt,generic,Afilias Limited,2023-10-24
.lidl,generic,Schwarz Domains und Services GmbH & Co. KG,2023-10-24
.life,generic,"Trixy Oaks, LLC",2023-10-24
.lighting,generic,"John McCook, LLC",2023-10-24
.limited,generic,"Big Fest, LLC",2023-10-24
.limo,generic,"Hidden Frostbite, LLC",2023-10-24
.link,generic,"Uniregistry, Corp.",2023-10-24
.loan,generic,dot Loan Limited,2023-10-24
.loans,generic,"June Woods, LLC",2023-10-24
.london,generic,Dot London Domains Limited,2023-10-24
.lotte,generic,"Lotte Holdings Co., Ltd.",2023-10-24
.lotto,generic,Afilias Limited,2023-10-24
.love,generic,Merchant Law Group LLP,2023-10-24
.ltda,generic,InterNetX Corp.,2023-10-24
.luxe,generic,Top Level Domain Holdings Limited,2023-10-24
.luxury,generic,Luxury Partners LLC,2023-10-24
.madrid,generic,Comunidad de Madrid,2023-10-24
.maif,generic,Mutuelle Assurance Instituteur France (MAIF),2023-10-24
.maison,generic,"Victor Frostbite, LLC",2023-10-24
.management,generic,"John Goodbye, LLC",2023-10-24
.mango,generic,PUNTO FA S.L.,2023-10-24
.market,generic,"Unitied TLD Holdco, Ltd",2023-10-24
.marketing,generic,"Fern Pass, LLC",2023-10-24
.markets,generic,DOTMARKETS REGISTRY LTD,2023-10-24
.marriott,generic,Marriott Worldwide Corporation,2023-10-24
.media,generic,"Grand Glen, LLC",2023-10-24
.meet,generic,Afilias Limited,2023-10-24
.melbourne,generic,"The Crown in right of the State of Victoria, represented by its Department of State Development, Business and Innovation",2023-10-24
.meme,generic,Charleston Road Registry Inc.,2023-10-24
.memorial,generic,"Dog Beach, LLC",2023-10-24
.menu,generic,"Wedding TLD2, LLC",2023-10-24
.miami,generic,Top Level Domain Holdings Limited,2023-10-24
.mini,generic,Bayerische Motoren Werke Aktiengesellschaft,2023-10-24
.mma,generic,MMA IARD,2023-10-24
.moda,generic,United TLD Holdco Ltd.,2023-10-24
.moe,generic,"Interlink Co., Ltd.",2023-10-24
.monash,generic,Monash University,2023-10-24
.money,generic,"Outer McCook, LLC",2023-10-24
.mormon,generic,"IRI Domain Management, LLC (""Applicant"")",2023-10-24
.mortgage,generic,"United TLD Holdco, Ltd",2023-10-24
.moscow,generic,Foundation for Assistance for Internet Technologies and Infrastructure Development (FAITID),2023-10-24
.motorcycles,generic,"DERMotorcycles, LLC",2023-10-24
.mov,generic,Charleston Road Registry Inc.,2023-10-24
.movie,generic,"New Frostbite, LLC",2023-10-24
.mtn,generic,MTN Dubai Limited,2023-10-24
.mtpc,generic,Mitsubishi Tanabe Pharma Corporation,2023-10-24
.nagoya,generic,"GMO Registry, Inc.",2023-10-24
.navy,generic,United TLD Holdco Ltd.,2023-10-24
.net,generic,VeriSign Global Registry Services,2023-10-24
.network,generic,"Trixy Manor, LLC",2023-10-24
.neustar,generic,"NeuStar, Inc.",2023-10-24
.new,generic,Charleston Road Registry Inc.,2023-10-24
.news,generic,United TLD Holdco Ltd.,2023-10-24
.nexus,generic,Charleston Road Registry Inc.,2023-10-24
.ngo,generic,Public Interest Registry,2023-10-24
.nhk,generic,Japan Broadcasting Corporation (NHK),2023-10-24
.nico,generic,"DWANGO Co., Ltd.",2023-10-24
.ninja,generic,United TLD Holdco Ltd.,2023-10-24
.nissan,generic,"NISSAN MOTOR CO., LTD.",2023-10-24
.nra,generic,"NRA Holdings Company, INC.",2023-10-24
.nrw,generic,Minds + Machines GmbH,2023-10-24
.ntt,generic,NIPPON TELEGRAPH AND TELEPHONE CORPORATION,2023-10-24
.nyc,generic,The City of New York by and through the New York City Department of Information Technology & Telecommunications,2023-10-24
.okinawa,generic,BusinessRalliart inc.,2023-10-24
.one,generic,One.com A/S,2023-10-24
.ong,generic,Public Interest Registry,2023-10-24
.onl,generic,"I-REGISTRY Ltd., Niederlassung Deutschland",2023-10-24
.online,generic,DotOnline Inc.,2023-10-24
.ooo,generic,INFIBEAM INCORPORATION LIMITED,2023-10-24
.org,generic,Public Interest Registry (PIR),2023-10-24
.organic,generic,Afilias Limited,2023-10-24
.osaka,generic,"Interlink Co., Ltd.",2023-10-24
.otsuka,generic,"Otsuka Holdings Co., Ltd.",2023-10-24
.ovh,generic,OVH SAS,2023-10-24
.page,generic,Charleston Road Registry Inc.,2023-10-24
.panerai,generic,Richemont DNS Inc.,2023-10-24
.paris,generic,City of Paris,2023-10-24
.partners,generic,"Magic Glen, LLC",2023-10-24
.parts,generic,"Sea Goodbye, LLC",2023-10-24
.party,generic,Blue Sky Registry Limited,2023-10-24
.pharmacy,generic,National Association of Boards of Pharmacy,2023-10-24
.photo,generic,"Uniregistry, Corp.",2023-10-24
.photography,generic,"Sugar Glen, LLC",2023-10-24
.photos,generic,"Sea Corner, LLC",2023-10-24
.physio,generic,PhysBiz Pty Ltd,2023-10-24
.piaget,generic,Richemont DNS Inc.,2023-10-24
.pics,generic,"Uniregistry, Corp.",2023-10-24
.pictet,generic,Pictet Europe S.A.,2023-10-24
.pictures,generic,"Foggy Sky, LLC",2023-10-24
.pink,generic,Afilias Limited,2023-10-24
.pizza,generic,"Foggy Moon, LLC",2023-10-24
.place,generic,"Snow Galley, LLC",2023-10-24
.plumbing,generic,"Spring Tigers, LLC",2023-10-24
.plus,generic,"Sugar Mill, LLC",2023-10-24
.pohl,generic,Deutsche Vermögensberatung Aktiengesellschaft DVAG,2023-10-24
.poker,generic,Afilias Domains No. 5 Limited,2023-10-24
.porn,generic,ICM Registry PN LLC,2023-10-24
.praxi,generic,Praxi S.p.A.,2023-10-24
.press,generic,DotPress Inc.,2023-10-24
.prod,generic,Charleston Road Registry Inc.,2023-10-24
.productions,generic,"Magic Birch, LLC",2023-10-24
.prof,generic,Charleston Road Registry Inc.,2023-10-24
.properties,generic,"Big Pass, LLC",2023-10-24
.property,generic,"Uniregistry, Corp.",2023-10-24
.pub,generic,United TLD Holdco Ltd.,2023-10-24
.qpon,generic,"dotCOOL, Inc.",2023-10-24
.quebec,generic,PointQuébec Inc,2023-10-24
.racing,generic,Premier Registry Limited,2023-10-24
.realtor,generic,Real Estate Domains LLC,2023-10-24
.recipes,generic,"Grand Island, LLC",2023-10-24
.red,generic,Afilias Limited,2023-10-24
.redstone,generic,"Redstone Haute Couture Co., Ltd.",2023-10-24
.rehab,generic,United TLD Holdco Ltd.,2023-10-24
.reise,generic,dotreise GmbH,2023-10-24
.reisen,generic,"New Cypress, LLC",2023-10-24
.reit,generic,"National Association of Real Estate Investment Trusts, Inc.",2023-10-24
.ren,generic,"Beijing Qianxiang Wangjing Technology Development Co., Ltd.",2023-10-24
.rentals,generic,"Big Hollow,LLC",2023-10-24
.repair,generic,"Lone Sunset, LLC",2023-10-24
.report,generic,"Binky Glen, LLC",2023-10-24
.republican,generic,United TLD Holdco Ltd.,2023-10-24
.rest,generic,Punto 2012 Sociedad Anonima Promotora de Inversion de Capital Variable,2023-10-24
.restaurant,generic,"Snow Avenue, LLC",2023-10-24
.review,generic,dot Review Limited,2023-10-24
.reviews,generic,"United TLD Holdco, Ltd.",2023-10-24
.rich,generic,"I-REGISTRY Ltd., Niederlassung Deutschland",2023-10-24
.rio,generic,Empresa Municipal de Informática SA - IPLANRIO,2023-10-24
.rip,generic,United TLD Holdco Ltd.,2023-10-24
.rocks,generic,"United TLD Holdco, LTD.",2023-10-24
.rodeo,generic,Top Level Domain Holdings Limited,2023-10-24
.rsvp,generic,Charleston Road Registry Inc.,2023-10-24
.ruhr,generic,regiodot GmbH & Co. KG,2023-10-24
.ryukyu,generic,BusinessRalliart inc.,2023-10-24
.saarland,generic,dotSaarland GmbH,2023-10-24
.sale,generic,"United TLD Holdco, Ltd",2023-10-24
.samsung,generic,"SAMSUNG SDS CO., LTD",2023-10-24
.sap,generic,SAP AG,2023-10-24
.sarl,generic,"Delta Orchard, LLC",2023-10-24
.saxo,generic,Saxo Bank A/S,2023-10-24
.sca,generic,SVENSKA CELLULOSA AKTIEBOLAGET SCA (publ),2023-10-24
.scb,generic,"The Siam Commercial Bank Public Company Limited (""SCB"")",2023-10-24
.schmidt,generic,SALM S.A.S.,2023-10-24
.scholarships,generic,"Scholarships.com, LLC",2023-10-24
.school,generic,"Little Galley, LLC",2023-10-24
.schule,generic,"Outer Moon, LLC",2023-10-24
.schwarz,generic,Schwarz Domains und Services GmbH & Co. KG,2023-10-24
.science,generic,dot Science Limited,2023-10-24
.scot,generic,Dot Scot Registry Limited,2023-10-24
.services,generic,"Fox Castle, LLC",2023-10-24
.sew,generic,SEW-EURODRIVE GmbH & Co KG,2023-10-24
.sexy,generic,"Uniregistry, Corp.",2023-10-24
.shiksha,generic,Afilias Limited,2023-10-24
.shoes,generic,"Binky Galley, LLC",2023-10-24
.shriram,generic,Shriram Capital Ltd.,2023-10-24
.singles,generic,"Fern Madison, LLC",2023-10-24
.site,generic,DotSite Inc.,2023-10-24
.sky,generic,"Sky IP International Ltd, a company incorporated in England and Wales, operating via its registered Swiss branch",2023-10-24
.social,generic,United TLD Holdco Ltd.,2023-10-24
.software,generic,"United TLD Holdco, Ltd",2023-10-24
.sohu,generic,Sohu.com Limited,2023-10-24
.solar,generic,"Ruby Town, LLC",2023-10-24
.solutions,generic,"Silver Cover, LLC",2023-10-24
.soy,generic,Charleston Road Registry Inc.,2023-10-24
.space,generic,DotSpace Inc.,2023-10-24
.spiegel,generic,SPIEGEL-Verlag Rudolf Augstein GmbH & Co. KG,2023-10-24
.spreadbetting,generic,DOTSPREADBETTING REGISTRY LTD,2023-10-24
.study,generic,OPEN UNIVERSITIES AUSTRALIA PTY LTD,2023-10-24
.style,generic,"Binky Moon, LLC",2023-10-24
.sucks,generic,Vox Populi Registry Inc.,2023-10-24
.supplies,generic,"Atomic Fields, LLC",2023-10-24
.supply,generic,"Half Falls, LLC",2023-10-24
.support,generic,"Grand Orchard, LLC",2023-10-24
.surf,generic,Top Level Domain Holdings Limited,2023-10-24
.surgery,generic,"Tin Avenue, LLC",2023-10-24
.suzuki,generic,SUZUKI MOTOR CORPORATION,2023-10-24
.sydney,generic,"State of New South Wales, Department of Premier and Cabinet",2023-10-24
.systems,generic,"Dash Cypress, LLC",2023-10-24
.taipei,generic,Taipei City Government,2023-10-24
.tatar,generic,"Limited Liability Company ""Coordination Center of Regional Domain of Tatarstan Republic""",2023-10-24
.tattoo,generic,"Uniregistry, Corp.",2023-10-24
.tax,generic,"Storm Orchard, LLC",2023-10-24
.tech,generic,Dot Tech LLC,2023-10-24
.technology,generic,"Auburn Falls, LLC",2023-10-24
.temasek,generic,Temasek Holdings (Private) Limited,2023-10-24
.tennis,generic,"Cotton Bloom, LLC",2023-10-24
.tickets,generic,Accent Media Limited,2023-10-24
.tienda,generic,"Victor Manor, LLC",2023-10-24
.tips,generic,"Corn Willow, LLC",2023-10-24
.tires,generic,"Dog Edge, LLC",2023-10-24
.tirol,generic,punkt Tirol GmbH,2023-10-24
.today,generic,"Pearl Woods, LLC",2023-10-24
.tokyo,generic,"GMO Registry, Inc.",2023-10-24
.tools,generic,"Pioneer North, LLC",2023-10-24
.top,generic,"Jiangsu Bangning Science & Technology Co.,Ltd.",2023-10-24
.toshiba,generic,TOSHIBA Corporation,2023-10-24
.tours,generic,"Sugar Station, LLC",2023-10-24
.town,generic,"Koko Moon, LLC",2023-10-24
.toys,generic,"Pioneer Orchard, LLC",2023-10-24
.trade,generic,Elite Registry Limited,2023-10-24
.trading,generic,DOTTRADING REGISTRY LTD,2023-10-24
.training,generic,"Wild Willow, LLC",2023-10-24
.trust,generic,Artemis Internet Inc,2023-10-24
.tui,generic,TUI AG,2023-10-24
.university,generic,"Little Station, LLC",2023-10-24
.uno,generic,Dot Latin LLC,2023-10-24
.uol,generic,UBN INTERNET LTDA.,2023-10-24
.vacations,generic,"Atomic Tigers, LLC",2023-10-24
.vegas,generic,"Dot Vegas, Inc.",2023-10-24
.ventures,generic,"Binky Lake, LLC",2023-10-24
.versicherung,generic,dotversicherung-registry GmbH,2023-10-24
.vet,generic,"United TLD Holdco, Ltd",2023-10-24
.viajes,generic,"Black Madison, LLC",2023-10-24
.video,generic,"United TLD Holdco, Ltd",2023-10-24
.villas,generic,"New Sky, LLC",2023-10-24
.vision,generic,"Koko Station, LLC",2023-10-24
.vlaanderen,generic,DNS.be vzw,2023-10-24
.vodka,generic,Top Level Domain Holdings Limited,2023-10-24
.vote,generic,Monolith Registry LLC,2023-10-24
.voting,generic,Valuetainment Corp.,2023-10-24
.voto,generic,Monolith Registry LLC,2023-10-24
.voyage,generic,"Ruby House, LLC",2023-10-24
.wales,generic,Nominet UK,2023-10-24
.wang,generic,Zodiac Registry Limited,2023-10-24
.watch,generic,"Sand Shadow, LLC",2023-10-24
.webcam,generic,dot Webcam Limited,2023-10-24
.website,generic,DotWebsite Inc.,2023-10-24
.wed,generic,"Atgron, Inc.",2023-10-24
.wedding,generic,Top Level Domain Holdings Limited,2023-10-24
.whoswho,generic,Who's Who Registry,2023-10-24
.wien,generic,punkt.wien GmbH,2023-10-24
.wiki,generic,"Top Level Design, LLC",2023-10-24
.williamhill,generic,William Hill Organization Limited,2023-10-24
.win,generic,First Registry Limited,2023-10-24
.wme,generic,"William Morris Endeavor Entertainment, LLC",2023-10-24
.work,generic,Top Level Domain Holdings Limited,2023-10-24
.works,generic,"Little Dynamite, LLC",2023-10-24
.world,generic,"Bitter Fields, LLC",2023-10-24
.wtc,generic,"World Trade Centers Association, Inc.",2023-10-24
.wtf,generic,"Hidden Way, LLC",2023-10-24
.xin,generic,Elegant Leader Limited,2023-10-24
.佛山,generic,"Guangzhou YU Wei Information Technology Co., Ltd.",2023-10-24
.慈善,generic,Excellent First Limited,2023-10-24
.集团,generic,Eagle Horizon Limited,2023-10-24
.在线,generic,TLD REGISTRY LIMITED,2023-10-24
.八卦,generic,Zodiac Scorpio Limited,2023-10-24
.موقع,generic,Suhub Electronic Establishment,2023-10-24
.公益,generic,China Organizational Name Administration Center,2023-10-24
.公司,generic,Computer Network Information Center of Chinese Academy of Sciences （China Internet Network Information Center）,2023-10-24
.移动,generic,Afilias Limited,2023-10-24
.我爱你,generic,Tycoon Treasure Limited,2023-10-24
.москва,generic,Foundation for Assistance for Internet Technologies and Infrastructure Development (FAITID),2023-10-24
.онлайн,generic,CORE Association,2023-10-24
.сайт,generic,CORE Association,2023-10-24
.时尚,generic,RISE VICTORY LIMITED,2023-10-24
.淡马锡,generic,Temasek Holdings (Private) Limited,2023-10-24
.орг,generic,Public Interest Registry,2023-10-24
.삼성,generic,"SAMSUNG SDS CO., LTD",2023-10-24
.商标,generic,HU YI GLOBAL INFORMATION RESOURCES(HOLDING) COMPANY.HONGKONG LIMITED,2023-10-24
.商店,generic,"Wild Island, LLC",2023-10-24
.商城,generic,Zodiac Aquarius Limited,2023-10-24
.дети,generic,The Foundation for Network Initiatives “The Smart Internet”,2023-10-24
.中文网,generic,TLD REGISTRY LIMITED,2023-10-24
.中信,generic,CITIC Group Corporation,2023-10-24
.谷歌,generic,Charleston Road Registry Inc.,2023-10-24
.网店,generic,Zodiac Libra Limited,2023-10-24
.संगठन,generic,Public Interest Registry,2023-10-24
.网络,generic,Computer Network Information Center of Chinese Academy of Sciences （China Internet Network Information Center）,2023-10-24
.飞利浦,generic,Koninklijke Philips N.V.,2023-10-24
.手机,generic,"Beijing RITT-Net Technology Development Co., Ltd",2023-10-24
.بازار,generic,CORE Association,2023-10-24
.政府,generic,"Net-Chinese Co., Ltd.",2023-10-24
.شبكة,generic,International Domain Registry Pty. Ltd.,2023-10-24
.机构,generic,Public Interest Registry,2023-10-24
.组织机构,generic,Public Interest Registry,2023-10-24
.健康,generic,Stable Tone Limited,2023-10-24
.рус,generic,Rusnames Limited,2023-10-24
.みんな,generic,Charleston Road Registry Inc.,2023-10-24
.グーグル,generic,Charleston Road Registry Inc.,2023-10-24
.世界,generic,Stable Tone Limited,2023-10-24
.网址,generic,"KNET Co., Ltd",2023-10-24
.游戏,generic,"Spring Fields, LLC",2023-10-24
.vermögensberater,generic,Deutsche Vermögensberatung Aktiengesellschaft DVAG,2023-10-24
.vermögensberatung,generic,Deutsche Vermögensberatung Aktiengesellschaft DVAG,2023-10-24
.企业,generic,"Dash McCook, LLC",2023-10-24
.信息,generic,"Beijing Tele-info Network Technology Co., Ltd.",2023-10-24
.广东,generic,"Guangzhou YU Wei Information Technology Co., Ltd.",2023-10-24
.政务,generic,China Organizational Name Administration Center,2023-10-24
.xyz,generic,XYZ.COM LLC,2023-10-24
.yachts,generic,"DERYachts, LLC",2023-10-24
.yandex,generic,"YANDEX, LLC",2023-10-24
.yodobashi,generic,"YODOBASHI CAMERA CO.,LTD.",2023-10-24
.yoga,generic,Top Level Domain Holdings Limited,2023-10-24
.yokohama,generic,"GMO Registry, Inc.",2023-10-24
.youtube,generic,Charleston Road Registry Inc.,2023-10-24
.zip,generic,Charleston Road Registry Inc.,2023-10-24
.zone,generic,"Outer Falls, LLC",2023-10-24
.zuerich,generic,Kanton Zürich (Canton of Zurich),2023-10-24
